{
  "failures": [],
  "metrics": {
    "max_active_delta_m": 0.021382822652902228,
    "max_position_error_m": 7.470840023859126e-09,
    "max_protected_delta_m": 3.801888007812437e-09,
    "max_region_delta": 2.2706531210836545e-08
  },
  "passed": true,
  "schema": "head-deformation-verification/0"
}
