{
  "decision": "promote-recognizable-mask-fit",
  "depthRelations": {
    "chinAboveMouthGroove": true,
    "leftBrowAboveEye": true,
    "leftCheekAboveEye": true,
    "noseAboveCheeks": true,
    "rightBrowAboveEye": true,
    "rightCheekAboveEye": true
  },
  "evidence": {
    "blendSha256": "08fe5a7fdd0c40294126e28f0a2618d3d99224af511b61d9f74e28ac307e6ada",
    "manifestSha256": "2a35140672605ac0c7a97b674974225663a5e540133977a85247d09dcd9d5620",
    "verifierSha256": "3740827b9a84d368f1ae43ff234662ba68284ec74191c69d92b2d4d5e9501f88"
  },
  "featureDepthDeltas": {
    "chin": 0.0704813301563263,
    "leftBrow": 0.03354674577713013,
    "leftCheek": 0.04689234495162964,
    "leftEye": 0.003323674201965332,
    "mouth": 0.029219746589660645,
    "nose": 0.16168153285980225,
    "rightBrow": 0.031761348247528076,
    "rightCheek": 0.04756265878677368,
    "rightEye": 0.005271226167678833
  },
  "frontSilhouetteIoU": 0.9937329700272479,
  "gates": {
    "boundedEdgeStretch": true,
    "depthRelations": true,
    "finiteCoordinates": true,
    "frontSilhouette": true,
    "nonDegenerateFaces": true,
    "rearRelief": true,
    "topology": true
  },
  "maximumEdgeStretch": 1.5413954120626199,
  "minimumFaceArea": 0.0005081829149276018,
  "promoted": true,
  "rearReliefPreserved": true,
  "schemaVersion": 1,
  "topologyUnchanged": true,
  "variant": "balanced"
}
